cat,cat_lab,count,percentage,measure,n_responses,school_lab,year_group_lab,gender_lab,fsm_lab,measure_lab
"[1, 2, 3, nan]","['Happy', 'Ok', 'Sad', 'No response']","[8, 6, 13, 3]","[26.666666666666668, 20.0, 43.333333333333336, 10.0]",symbol_family,30.0,School A,All,All,All,How do you feel about your family?
"[1, 2, 3, nan]","['Happy', 'Ok', 'Sad', 'No response']","[9, 13, 8, 0]","[30.0, 43.333333333333336, 26.666666666666668, 0.0]",symbol_home,30.0,School A,All,All,All,How do you feel about your home?
"[1, 2, 3, nan]","['Happy', 'Ok', 'Sad', 'No response']","[6, 9, 13, 2]","[20.0, 30.0, 43.333333333333336, 6.666666666666667]",symbol_friends,30.0,School A,All,All,All,How do you feel about your friends?
"[1, 2, 3, nan]","['Happy', 'Ok', 'Sad', 'No response']","[10, 5, 11, 4]","[33.33333333333333, 16.666666666666664, 36.666666666666664, 13.333333333333334]",symbol_choice,30.0,School A,All,All,All,How do you feel about how much choice you have in life?
"[1, 2, 3, nan]","['Happy', 'Ok', 'Sad', 'No response']","[9, 8, 9, 4]","[30.0, 26.666666666666668, 30.0, 13.333333333333334]",symbol_things,30.0,School A,All,All,All,How do you feel about the things that you have?
"[1, 2, 3, nan]","['Happy', 'Ok', 'Sad', 'No response']","[11, 11, 8, 0]","[36.666666666666664, 36.666666666666664, 26.666666666666668, 0.0]",symbol_health,30.0,School A,All,All,All,How do you feel about your health?
"[1, 2, 3, nan]","['Happy', 'Ok', 'Sad', 'No response']","[7, 17, 5, 1]","[23.333333333333332, 56.666666666666664, 16.666666666666664, 3.3333333333333335]",symbol_future,30.0,School A,All,All,All,How do you feel about your future?
"[1, 2, 3, nan]","['Happy', 'Ok', 'Sad', 'No response']","[7, 9, 10, 4]","[23.333333333333332, 30.0, 33.33333333333333, 13.333333333333334]",symbol_school,30.0,School A,All,All,All,How do you feel about your school?
"[1, 2, 3, nan]","['Happy', 'Ok', 'Sad', 'No response']","[9, 9, 7, 5]","[30.0, 30.0, 23.333333333333332, 16.666666666666664]",symbol_free,30.0,School A,All,All,All,How do you feel about your free time?
"[1, 2, 3, nan]","['Happy', 'Ok', 'Sad', 'No response']","[10, 9, 8, 3]","[33.33333333333333, 30.0, 26.666666666666668, 10.0]",symbol_life,30.0,School A,All,All,All,How do you feel about your life?
"[1, 2, 3, nan]","['Happy', 'Ok', 'Sad', 'No response']",NULL,NULL,symbol_family,NULL,School A,Year 7,All,All,How do you feel about your family?
"[1, 2, 3, nan]","['Happy', 'Ok', 'Sad', 'No response']",NULL,NULL,symbol_home,NULL,School A,Year 7,All,All,How do you feel about your home?
"[1, 2, 3, nan]","['Happy', 'Ok', 'Sad', 'No response']",NULL,NULL,symbol_friends,NULL,School A,Year 7,All,All,How do you feel about your friends?
"[1, 2, 3, nan]","['Happy', 'Ok', 'Sad', 'No response']",NULL,NULL,symbol_choice,NULL,School A,Year 7,All,All,How do you feel about how much choice you have in life?
"[1, 2, 3, nan]","['Happy', 'Ok', 'Sad', 'No response']",NULL,NULL,symbol_things,NULL,School A,Year 7,All,All,How do you feel about the things that you have?
"[1, 2, 3, nan]","['Happy', 'Ok', 'Sad', 'No response']",NULL,NULL,symbol_health,NULL,School A,Year 7,All,All,How do you feel about your health?
"[1, 2, 3, nan]","['Happy', 'Ok', 'Sad', 'No response']",NULL,NULL,symbol_future,NULL,School A,Year 7,All,All,How do you feel about your future?
"[1, 2, 3, nan]","['Happy', 'Ok', 'Sad', 'No response']",NULL,NULL,symbol_school,NULL,School A,Year 7,All,All,How do you feel about your school?
"[1, 2, 3, nan]","['Happy', 'Ok', 'Sad', 'No response']",NULL,NULL,symbol_free,NULL,School A,Year 7,All,All,How do you feel about your free time?
"[1, 2, 3, nan]","['Happy', 'Ok', 'Sad', 'No response']",NULL,NULL,symbol_life,NULL,School A,Year 7,All,All,How do you feel about your life?
"[1, 2, 3, nan]","['Happy', 'Ok', 'Sad', 'No response']","[4, 4, 4, 1]","[30.76923076923077, 30.76923076923077, 30.76923076923077, 7.6923076923076925]",symbol_family,13.0,School A,Year 8,All,All,How do you feel about your family?
"[1, 2, 3, nan]","['Happy', 'Ok', 'Sad', 'No response']","[4, 6, 3, 0]","[30.76923076923077, 46.15384615384615, 23.076923076923077, 0.0]",symbol_home,13.0,School A,Year 8,All,All,How do you feel about your home?
"[1, 2, 3, nan]","['Happy', 'Ok', 'Sad', 'No response']","[3, 3, 6, 1]","[23.076923076923077, 23.076923076923077, 46.15384615384615, 7.6923076923076925]",symbol_friends,13.0,School A,Year 8,All,All,How do you feel about your friends?
"[1, 2, 3, nan]","['Happy', 'Ok', 'Sad', 'No response']","[3, 1, 5, 4]","[23.076923076923077, 7.6923076923076925, 38.46153846153847, 30.76923076923077]",symbol_choice,13.0,School A,Year 8,All,All,How do you feel about how much choice you have in life?
"[1, 2, 3, nan]","['Happy', 'Ok', 'Sad', 'No response']","[3, 3, 5, 2]","[23.076923076923077, 23.076923076923077, 38.46153846153847, 15.384615384615385]",symbol_things,13.0,School A,Year 8,All,All,How do you feel about the things that you have?
"[1, 2, 3, nan]","['Happy', 'Ok', 'Sad', 'No response']","[6, 7, 0, 0]","[46.15384615384615, 53.84615384615385, 0.0, 0.0]",symbol_health,13.0,School A,Year 8,All,All,How do you feel about your health?
"[1, 2, 3, nan]","['Happy', 'Ok', 'Sad', 'No response']","[4, 6, 3, 0]","[30.76923076923077, 46.15384615384615, 23.076923076923077, 0.0]",symbol_future,13.0,School A,Year 8,All,All,How do you feel about your future?
"[1, 2, 3, nan]","['Happy', 'Ok', 'Sad', 'No response']","[2, 5, 4, 2]","[15.384615384615385, 38.46153846153847, 30.76923076923077, 15.384615384615385]",symbol_school,13.0,School A,Year 8,All,All,How do you feel about your school?
"[1, 2, 3, nan]","['Happy', 'Ok', 'Sad', 'No response']","[1, 5, 4, 3]","[7.6923076923076925, 38.46153846153847, 30.76923076923077, 23.076923076923077]",symbol_free,13.0,School A,Year 8,All,All,How do you feel about your free time?
"[1, 2, 3, nan]","['Happy', 'Ok', 'Sad', 'No response']","[5, 2, 5, 1]","[38.46153846153847, 15.384615384615385, 38.46153846153847, 7.6923076923076925]",symbol_life,13.0,School A,Year 8,All,All,How do you feel about your life?
"[1, 2, 3, nan]","['Happy', 'Ok', 'Sad', 'No response']",NULL,NULL,symbol_family,NULL,School A,Year 9,All,All,How do you feel about your family?
"[1, 2, 3, nan]","['Happy', 'Ok', 'Sad', 'No response']",NULL,NULL,symbol_home,NULL,School A,Year 9,All,All,How do you feel about your home?
"[1, 2, 3, nan]","['Happy', 'Ok', 'Sad', 'No response']",NULL,NULL,symbol_friends,NULL,School A,Year 9,All,All,How do you feel about your friends?
"[1, 2, 3, nan]","['Happy', 'Ok', 'Sad', 'No response']",NULL,NULL,symbol_choice,NULL,School A,Year 9,All,All,How do you feel about how much choice you have in life?
"[1, 2, 3, nan]","['Happy', 'Ok', 'Sad', 'No response']",NULL,NULL,symbol_things,NULL,School A,Year 9,All,All,How do you feel about the things that you have?
"[1, 2, 3, nan]","['Happy', 'Ok', 'Sad', 'No response']",NULL,NULL,symbol_health,NULL,School A,Year 9,All,All,How do you feel about your health?
"[1, 2, 3, nan]","['Happy', 'Ok', 'Sad', 'No response']",NULL,NULL,symbol_future,NULL,School A,Year 9,All,All,How do you feel about your future?
"[1, 2, 3, nan]","['Happy', 'Ok', 'Sad', 'No response']",NULL,NULL,symbol_school,NULL,School A,Year 9,All,All,How do you feel about your school?
"[1, 2, 3, nan]","['Happy', 'Ok', 'Sad', 'No response']",NULL,NULL,symbol_free,NULL,School A,Year 9,All,All,How do you feel about your free time?
"[1, 2, 3, nan]","['Happy', 'Ok', 'Sad', 'No response']",NULL,NULL,symbol_life,NULL,School A,Year 9,All,All,How do you feel about your life?
"[1, 2, 3, nan]","['Happy', 'Ok', 'Sad', 'No response']",NULL,NULL,symbol_family,NULL,School A,Year 10,All,All,How do you feel about your family?
"[1, 2, 3, nan]","['Happy', 'Ok', 'Sad', 'No response']",NULL,NULL,symbol_home,NULL,School A,Year 10,All,All,How do you feel about your home?
"[1, 2, 3, nan]","['Happy', 'Ok', 'Sad', 'No response']",NULL,NULL,symbol_friends,NULL,School A,Year 10,All,All,How do you feel about your friends?
"[1, 2, 3, nan]","['Happy', 'Ok', 'Sad', 'No response']",NULL,NULL,symbol_choice,NULL,School A,Year 10,All,All,How do you feel about how much choice you have in life?
"[1, 2, 3, nan]","['Happy', 'Ok', 'Sad', 'No response']",NULL,NULL,symbol_things,NULL,School A,Year 10,All,All,How do you feel about the things that you have?
"[1, 2, 3, nan]","['Happy', 'Ok', 'Sad', 'No response']",NULL,NULL,symbol_health,NULL,School A,Year 10,All,All,How do you feel about your health?
"[1, 2, 3, nan]","['Happy', 'Ok', 'Sad', 'No response']",NULL,NULL,symbol_future,NULL,School A,Year 10,All,All,How do you feel about your future?
"[1, 2, 3, nan]","['Happy', 'Ok', 'Sad', 'No response']",NULL,NULL,symbol_school,NULL,School A,Year 10,All,All,How do you feel about your school?
"[1, 2, 3, nan]","['Happy', 'Ok', 'Sad', 'No response']",NULL,NULL,symbol_free,NULL,School A,Year 10,All,All,How do you feel about your free time?
"[1, 2, 3, nan]","['Happy', 'Ok', 'Sad', 'No response']",NULL,NULL,symbol_life,NULL,School A,Year 10,All,All,How do you feel about your life?
"[1, 2, 3, nan]","['Happy', 'Ok', 'Sad', 'No response']",NULL,NULL,symbol_family,NULL,School A,Year 11,All,All,How do you feel about your family?
"[1, 2, 3, nan]","['Happy', 'Ok', 'Sad', 'No response']",NULL,NULL,symbol_home,NULL,School A,Year 11,All,All,How do you feel about your home?
"[1, 2, 3, nan]","['Happy', 'Ok', 'Sad', 'No response']",NULL,NULL,symbol_friends,NULL,School A,Year 11,All,All,How do you feel about your friends?
"[1, 2, 3, nan]","['Happy', 'Ok', 'Sad', 'No response']",NULL,NULL,symbol_choice,NULL,School A,Year 11,All,All,How do you feel about how much choice you have in life?
"[1, 2, 3, nan]","['Happy', 'Ok', 'Sad', 'No response']",NULL,NULL,symbol_things,NULL,School A,Year 11,All,All,How do you feel about the things that you have?
"[1, 2, 3, nan]","['Happy', 'Ok', 'Sad', 'No response']",NULL,NULL,symbol_health,NULL,School A,Year 11,All,All,How do you feel about your health?
"[1, 2, 3, nan]","['Happy', 'Ok', 'Sad', 'No response']",NULL,NULL,symbol_future,NULL,School A,Year 11,All,All,How do you feel about your future?
"[1, 2, 3, nan]","['Happy', 'Ok', 'Sad', 'No response']",NULL,NULL,symbol_school,NULL,School A,Year 11,All,All,How do you feel about your school?
"[1, 2, 3, nan]","['Happy', 'Ok', 'Sad', 'No response']",NULL,NULL,symbol_free,NULL,School A,Year 11,All,All,How do you feel about your free time?
"[1, 2, 3, nan]","['Happy', 'Ok', 'Sad', 'No response']",NULL,NULL,symbol_life,NULL,School A,Year 11,All,All,How do you feel about your life?
"[1, 2, 3, nan]","['Happy', 'Ok', 'Sad', 'No response']",NULL,NULL,symbol_family,NULL,School A,All,Girl,All,How do you feel about your family?
"[1, 2, 3, nan]","['Happy', 'Ok', 'Sad', 'No response']",NULL,NULL,symbol_home,NULL,School A,All,Girl,All,How do you feel about your home?
"[1, 2, 3, nan]","['Happy', 'Ok', 'Sad', 'No response']",NULL,NULL,symbol_friends,NULL,School A,All,Girl,All,How do you feel about your friends?
"[1, 2, 3, nan]","['Happy', 'Ok', 'Sad', 'No response']",NULL,NULL,symbol_choice,NULL,School A,All,Girl,All,How do you feel about how much choice you have in life?
"[1, 2, 3, nan]","['Happy', 'Ok', 'Sad', 'No response']",NULL,NULL,symbol_things,NULL,School A,All,Girl,All,How do you feel about the things that you have?
"[1, 2, 3, nan]","['Happy', 'Ok', 'Sad', 'No response']",NULL,NULL,symbol_health,NULL,School A,All,Girl,All,How do you feel about your health?
"[1, 2, 3, nan]","['Happy', 'Ok', 'Sad', 'No response']",NULL,NULL,symbol_future,NULL,School A,All,Girl,All,How do you feel about your future?
"[1, 2, 3, nan]","['Happy', 'Ok', 'Sad', 'No response']",NULL,NULL,symbol_school,NULL,School A,All,Girl,All,How do you feel about your school?
"[1, 2, 3, nan]","['Happy', 'Ok', 'Sad', 'No response']",NULL,NULL,symbol_free,NULL,School A,All,Girl,All,How do you feel about your free time?
"[1, 2, 3, nan]","['Happy', 'Ok', 'Sad', 'No response']",NULL,NULL,symbol_life,NULL,School A,All,Girl,All,How do you feel about your life?
"[1, 2, 3, nan]","['Happy', 'Ok', 'Sad', 'No response']",NULL,NULL,symbol_family,NULL,School A,All,Boy,All,How do you feel about your family?
"[1, 2, 3, nan]","['Happy', 'Ok', 'Sad', 'No response']",NULL,NULL,symbol_home,NULL,School A,All,Boy,All,How do you feel about your home?
"[1, 2, 3, nan]","['Happy', 'Ok', 'Sad', 'No response']",NULL,NULL,symbol_friends,NULL,School A,All,Boy,All,How do you feel about your friends?
"[1, 2, 3, nan]","['Happy', 'Ok', 'Sad', 'No response']",NULL,NULL,symbol_choice,NULL,School A,All,Boy,All,How do you feel about how much choice you have in life?
"[1, 2, 3, nan]","['Happy', 'Ok', 'Sad', 'No response']",NULL,NULL,symbol_things,NULL,School A,All,Boy,All,How do you feel about the things that you have?
"[1, 2, 3, nan]","['Happy', 'Ok', 'Sad', 'No response']",NULL,NULL,symbol_health,NULL,School A,All,Boy,All,How do you feel about your health?
"[1, 2, 3, nan]","['Happy', 'Ok', 'Sad', 'No response']",NULL,NULL,symbol_future,NULL,School A,All,Boy,All,How do you feel about your future?
"[1, 2, 3, nan]","['Happy', 'Ok', 'Sad', 'No response']",NULL,NULL,symbol_school,NULL,School A,All,Boy,All,How do you feel about your school?
"[1, 2, 3, nan]","['Happy', 'Ok', 'Sad', 'No response']",NULL,NULL,symbol_free,NULL,School A,All,Boy,All,How do you feel about your free time?
"[1, 2, 3, nan]","['Happy', 'Ok', 'Sad', 'No response']",NULL,NULL,symbol_life,NULL,School A,All,Boy,All,How do you feel about your life?
"[1, 2, 3, nan]","['Happy', 'Ok', 'Sad', 'No response']","[4, 5, 7, 1]","[23.52941176470588, 29.411764705882355, 41.17647058823529, 5.88235294117647]",symbol_family,17.0,School A,All,All,FSM,How do you feel about your family?
"[1, 2, 3, nan]","['Happy', 'Ok', 'Sad', 'No response']","[4, 8, 5, 0]","[23.52941176470588, 47.05882352941176, 29.411764705882355, 0.0]",symbol_home,17.0,School A,All,All,FSM,How do you feel about your home?
"[1, 2, 3, nan]","['Happy', 'Ok', 'Sad', 'No response']","[1, 6, 8, 2]","[5.88235294117647, 35.294117647058826, 47.05882352941176, 11.76470588235294]",symbol_friends,17.0,School A,All,All,FSM,How do you feel about your friends?
"[1, 2, 3, nan]","['Happy', 'Ok', 'Sad', 'No response']","[7, 3, 5, 2]","[41.17647058823529, 17.647058823529413, 29.411764705882355, 11.76470588235294]",symbol_choice,17.0,School A,All,All,FSM,How do you feel about how much choice you have in life?
"[1, 2, 3, nan]","['Happy', 'Ok', 'Sad', 'No response']","[3, 5, 7, 2]","[17.647058823529413, 29.411764705882355, 41.17647058823529, 11.76470588235294]",symbol_things,17.0,School A,All,All,FSM,How do you feel about the things that you have?
"[1, 2, 3, nan]","['Happy', 'Ok', 'Sad', 'No response']","[7, 7, 3, 0]","[41.17647058823529, 41.17647058823529, 17.647058823529413, 0.0]",symbol_health,17.0,School A,All,All,FSM,How do you feel about your health?
"[1, 2, 3, nan]","['Happy', 'Ok', 'Sad', 'No response']","[5, 9, 2, 1]","[29.411764705882355, 52.94117647058824, 11.76470588235294, 5.88235294117647]",symbol_future,17.0,School A,All,All,FSM,How do you feel about your future?
"[1, 2, 3, nan]","['Happy', 'Ok', 'Sad', 'No response']","[7, 6, 4, 0]","[41.17647058823529, 35.294117647058826, 23.52941176470588, 0.0]",symbol_school,17.0,School A,All,All,FSM,How do you feel about your school?
"[1, 2, 3, nan]","['Happy', 'Ok', 'Sad', 'No response']","[6, 4, 5, 2]","[35.294117647058826, 23.52941176470588, 29.411764705882355, 11.76470588235294]",symbol_free,17.0,School A,All,All,FSM,How do you feel about your free time?
"[1, 2, 3, nan]","['Happy', 'Ok', 'Sad', 'No response']","[4, 4, 6, 3]","[23.52941176470588, 23.52941176470588, 35.294117647058826, 17.647058823529413]",symbol_life,17.0,School A,All,All,FSM,How do you feel about your life?
"[1, 2, 3, nan]","['Happy', 'Ok', 'Sad', 'No response']","[4, 1, 6, 2]","[30.76923076923077, 7.6923076923076925, 46.15384615384615, 15.384615384615385]",symbol_family,13.0,School A,All,All,Non-FSM,How do you feel about your family?
"[1, 2, 3, nan]","['Happy', 'Ok', 'Sad', 'No response']","[5, 5, 3, 0]","[38.46153846153847, 38.46153846153847, 23.076923076923077, 0.0]",symbol_home,13.0,School A,All,All,Non-FSM,How do you feel about your home?
"[1, 2, 3, nan]","['Happy', 'Ok', 'Sad', 'No response']","[5, 3, 5, 0]","[38.46153846153847, 23.076923076923077, 38.46153846153847, 0.0]",symbol_friends,13.0,School A,All,All,Non-FSM,How do you feel about your friends?
"[1, 2, 3, nan]","['Happy', 'Ok', 'Sad', 'No response']","[3, 2, 6, 2]","[23.076923076923077, 15.384615384615385, 46.15384615384615, 15.384615384615385]",symbol_choice,13.0,School A,All,All,Non-FSM,How do you feel about how much choice you have in life?
"[1, 2, 3, nan]","['Happy', 'Ok', 'Sad', 'No response']","[6, 3, 2, 2]","[46.15384615384615, 23.076923076923077, 15.384615384615385, 15.384615384615385]",symbol_things,13.0,School A,All,All,Non-FSM,How do you feel about the things that you have?
"[1, 2, 3, nan]","['Happy', 'Ok', 'Sad', 'No response']","[4, 4, 5, 0]","[30.76923076923077, 30.76923076923077, 38.46153846153847, 0.0]",symbol_health,13.0,School A,All,All,Non-FSM,How do you feel about your health?
"[1, 2, 3, nan]","['Happy', 'Ok', 'Sad', 'No response']","[2, 8, 3, 0]","[15.384615384615385, 61.53846153846154, 23.076923076923077, 0.0]",symbol_future,13.0,School A,All,All,Non-FSM,How do you feel about your future?
"[1, 2, 3, nan]","['Happy', 'Ok', 'Sad', 'No response']","[0, 3, 6, 4]","[0.0, 23.076923076923077, 46.15384615384615, 30.76923076923077]",symbol_school,13.0,School A,All,All,Non-FSM,How do you feel about your school?
"[1, 2, 3, nan]","['Happy', 'Ok', 'Sad', 'No response']","[3, 5, 2, 3]","[23.076923076923077, 38.46153846153847, 15.384615384615385, 23.076923076923077]",symbol_free,13.0,School A,All,All,Non-FSM,How do you feel about your free time?
"[1, 2, 3, nan]","['Happy', 'Ok', 'Sad', 'No response']","[6, 5, 2, 0]","[46.15384615384615, 38.46153846153847, 15.384615384615385, 0.0]",symbol_life,13.0,School A,All,All,Non-FSM,How do you feel about your life?
"[1, 2, 3, nan]","['Happy', 'Ok', 'Sad', 'No response']","[7, 12, 5, 6]","[23.333333333333332, 40.0, 16.666666666666664, 20.0]",symbol_family,30.0,School B,All,All,All,How do you feel about your family?
"[1, 2, 3, nan]","['Happy', 'Ok', 'Sad', 'No response']","[8, 18, 4, 0]","[26.666666666666668, 60.0, 13.333333333333334, 0.0]",symbol_home,30.0,School B,All,All,All,How do you feel about your home?
"[1, 2, 3, nan]","['Happy', 'Ok', 'Sad', 'No response']","[10, 10, 6, 4]","[33.33333333333333, 33.33333333333333, 20.0, 13.333333333333334]",symbol_friends,30.0,School B,All,All,All,How do you feel about your friends?
"[1, 2, 3, nan]","['Happy', 'Ok', 'Sad', 'No response']","[8, 10, 9, 3]","[26.666666666666668, 33.33333333333333, 30.0, 10.0]",symbol_choice,30.0,School B,All,All,All,How do you feel about how much choice you have in life?
"[1, 2, 3, nan]","['Happy', 'Ok', 'Sad', 'No response']","[8, 12, 5, 5]","[26.666666666666668, 40.0, 16.666666666666664, 16.666666666666664]",symbol_things,30.0,School B,All,All,All,How do you feel about the things that you have?
"[1, 2, 3, nan]","['Happy', 'Ok', 'Sad', 'No response']","[10, 12, 8, 0]","[33.33333333333333, 40.0, 26.666666666666668, 0.0]",symbol_health,30.0,School B,All,All,All,How do you feel about your health?
"[1, 2, 3, nan]","['Happy', 'Ok', 'Sad', 'No response']","[11, 9, 8, 2]","[36.666666666666664, 30.0, 26.666666666666668, 6.666666666666667]",symbol_future,30.0,School B,All,All,All,How do you feel about your future?
"[1, 2, 3, nan]","['Happy', 'Ok', 'Sad', 'No response']","[8, 8, 11, 3]","[26.666666666666668, 26.666666666666668, 36.666666666666664, 10.0]",symbol_school,30.0,School B,All,All,All,How do you feel about your school?
"[1, 2, 3, nan]","['Happy', 'Ok', 'Sad', 'No response']","[6, 11, 11, 2]","[20.0, 36.666666666666664, 36.666666666666664, 6.666666666666667]",symbol_free,30.0,School B,All,All,All,How do you feel about your free time?
"[1, 2, 3, nan]","['Happy', 'Ok', 'Sad', 'No response']","[9, 12, 8, 1]","[30.0, 40.0, 26.666666666666668, 3.3333333333333335]",symbol_life,30.0,School B,All,All,All,How do you feel about your life?
"[1, 2, 3, nan]","['Happy', 'Ok', 'Sad', 'No response']",NULL,NULL,symbol_family,NULL,School B,Year 7,All,All,How do you feel about your family?
"[1, 2, 3, nan]","['Happy', 'Ok', 'Sad', 'No response']",NULL,NULL,symbol_home,NULL,School B,Year 7,All,All,How do you feel about your home?
"[1, 2, 3, nan]","['Happy', 'Ok', 'Sad', 'No response']",NULL,NULL,symbol_friends,NULL,School B,Year 7,All,All,How do you feel about your friends?
"[1, 2, 3, nan]","['Happy', 'Ok', 'Sad', 'No response']",NULL,NULL,symbol_choice,NULL,School B,Year 7,All,All,How do you feel about how much choice you have in life?
"[1, 2, 3, nan]","['Happy', 'Ok', 'Sad', 'No response']",NULL,NULL,symbol_things,NULL,School B,Year 7,All,All,How do you feel about the things that you have?
"[1, 2, 3, nan]","['Happy', 'Ok', 'Sad', 'No response']",NULL,NULL,symbol_health,NULL,School B,Year 7,All,All,How do you feel about your health?
"[1, 2, 3, nan]","['Happy', 'Ok', 'Sad', 'No response']",NULL,NULL,symbol_future,NULL,School B,Year 7,All,All,How do you feel about your future?
"[1, 2, 3, nan]","['Happy', 'Ok', 'Sad', 'No response']",NULL,NULL,symbol_school,NULL,School B,Year 7,All,All,How do you feel about your school?
"[1, 2, 3, nan]","['Happy', 'Ok', 'Sad', 'No response']",NULL,NULL,symbol_free,NULL,School B,Year 7,All,All,How do you feel about your free time?
"[1, 2, 3, nan]","['Happy', 'Ok', 'Sad', 'No response']",NULL,NULL,symbol_life,NULL,School B,Year 7,All,All,How do you feel about your life?
"[1, 2, 3, nan]","['Happy', 'Ok', 'Sad', 'No response']",NULL,NULL,symbol_family,NULL,School B,Year 8,All,All,How do you feel about your family?
"[1, 2, 3, nan]","['Happy', 'Ok', 'Sad', 'No response']",NULL,NULL,symbol_home,NULL,School B,Year 8,All,All,How do you feel about your home?
"[1, 2, 3, nan]","['Happy', 'Ok', 'Sad', 'No response']",NULL,NULL,symbol_friends,NULL,School B,Year 8,All,All,How do you feel about your friends?
"[1, 2, 3, nan]","['Happy', 'Ok', 'Sad', 'No response']",NULL,NULL,symbol_choice,NULL,School B,Year 8,All,All,How do you feel about how much choice you have in life?
"[1, 2, 3, nan]","['Happy', 'Ok', 'Sad', 'No response']",NULL,NULL,symbol_things,NULL,School B,Year 8,All,All,How do you feel about the things that you have?
"[1, 2, 3, nan]","['Happy', 'Ok', 'Sad', 'No response']",NULL,NULL,symbol_health,NULL,School B,Year 8,All,All,How do you feel about your health?
"[1, 2, 3, nan]","['Happy', 'Ok', 'Sad', 'No response']",NULL,NULL,symbol_future,NULL,School B,Year 8,All,All,How do you feel about your future?
"[1, 2, 3, nan]","['Happy', 'Ok', 'Sad', 'No response']",NULL,NULL,symbol_school,NULL,School B,Year 8,All,All,How do you feel about your school?
"[1, 2, 3, nan]","['Happy', 'Ok', 'Sad', 'No response']",NULL,NULL,symbol_free,NULL,School B,Year 8,All,All,How do you feel about your free time?
"[1, 2, 3, nan]","['Happy', 'Ok', 'Sad', 'No response']",NULL,NULL,symbol_life,NULL,School B,Year 8,All,All,How do you feel about your life?
"[1, 2, 3, nan]","['Happy', 'Ok', 'Sad', 'No response']","[3, 4, 2, 2]","[27.27272727272727, 36.36363636363637, 18.181818181818183, 18.181818181818183]",symbol_family,11.0,School B,Year 9,All,All,How do you feel about your family?
"[1, 2, 3, nan]","['Happy', 'Ok', 'Sad', 'No response']","[3, 7, 1, 0]","[27.27272727272727, 63.63636363636363, 9.090909090909092, 0.0]",symbol_home,11.0,School B,Year 9,All,All,How do you feel about your home?
"[1, 2, 3, nan]","['Happy', 'Ok', 'Sad', 'No response']","[4, 3, 2, 2]","[36.36363636363637, 27.27272727272727, 18.181818181818183, 18.181818181818183]",symbol_friends,11.0,School B,Year 9,All,All,How do you feel about your friends?
"[1, 2, 3, nan]","['Happy', 'Ok', 'Sad', 'No response']","[3, 4, 4, 0]","[27.27272727272727, 36.36363636363637, 36.36363636363637, 0.0]",symbol_choice,11.0,School B,Year 9,All,All,How do you feel about how much choice you have in life?
"[1, 2, 3, nan]","['Happy', 'Ok', 'Sad', 'No response']","[4, 3, 2, 2]","[36.36363636363637, 27.27272727272727, 18.181818181818183, 18.181818181818183]",symbol_things,11.0,School B,Year 9,All,All,How do you feel about the things that you have?
"[1, 2, 3, nan]","['Happy', 'Ok', 'Sad', 'No response']","[1, 3, 7, 0]","[9.090909090909092, 27.27272727272727, 63.63636363636363, 0.0]",symbol_health,11.0,School B,Year 9,All,All,How do you feel about your health?
"[1, 2, 3, nan]","['Happy', 'Ok', 'Sad', 'No response']","[3, 4, 3, 1]","[27.27272727272727, 36.36363636363637, 27.27272727272727, 9.090909090909092]",symbol_future,11.0,School B,Year 9,All,All,How do you feel about your future?
"[1, 2, 3, nan]","['Happy', 'Ok', 'Sad', 'No response']","[4, 1, 4, 2]","[36.36363636363637, 9.090909090909092, 36.36363636363637, 18.181818181818183]",symbol_school,11.0,School B,Year 9,All,All,How do you feel about your school?
"[1, 2, 3, nan]","['Happy', 'Ok', 'Sad', 'No response']","[1, 2, 6, 2]","[9.090909090909092, 18.181818181818183, 54.54545454545454, 18.181818181818183]",symbol_free,11.0,School B,Year 9,All,All,How do you feel about your free time?
"[1, 2, 3, nan]","['Happy', 'Ok', 'Sad', 'No response']","[2, 6, 2, 1]","[18.181818181818183, 54.54545454545454, 18.181818181818183, 9.090909090909092]",symbol_life,11.0,School B,Year 9,All,All,How do you feel about your life?
"[1, 2, 3, nan]","['Happy', 'Ok', 'Sad', 'No response']",NULL,NULL,symbol_family,NULL,School B,Year 10,All,All,How do you feel about your family?
"[1, 2, 3, nan]","['Happy', 'Ok', 'Sad', 'No response']",NULL,NULL,symbol_home,NULL,School B,Year 10,All,All,How do you feel about your home?
"[1, 2, 3, nan]","['Happy', 'Ok', 'Sad', 'No response']",NULL,NULL,symbol_friends,NULL,School B,Year 10,All,All,How do you feel about your friends?
"[1, 2, 3, nan]","['Happy', 'Ok', 'Sad', 'No response']",NULL,NULL,symbol_choice,NULL,School B,Year 10,All,All,How do you feel about how much choice you have in life?
"[1, 2, 3, nan]","['Happy', 'Ok', 'Sad', 'No response']",NULL,NULL,symbol_things,NULL,School B,Year 10,All,All,How do you feel about the things that you have?
"[1, 2, 3, nan]","['Happy', 'Ok', 'Sad', 'No response']",NULL,NULL,symbol_health,NULL,School B,Year 10,All,All,How do you feel about your health?
"[1, 2, 3, nan]","['Happy', 'Ok', 'Sad', 'No response']",NULL,NULL,symbol_future,NULL,School B,Year 10,All,All,How do you feel about your future?
"[1, 2, 3, nan]","['Happy', 'Ok', 'Sad', 'No response']",NULL,NULL,symbol_school,NULL,School B,Year 10,All,All,How do you feel about your school?
"[1, 2, 3, nan]","['Happy', 'Ok', 'Sad', 'No response']",NULL,NULL,symbol_free,NULL,School B,Year 10,All,All,How do you feel about your free time?
"[1, 2, 3, nan]","['Happy', 'Ok', 'Sad', 'No response']",NULL,NULL,symbol_life,NULL,School B,Year 10,All,All,How do you feel about your life?
"[1, 2, 3, nan]","['Happy', 'Ok', 'Sad', 'No response']",NULL,NULL,symbol_family,NULL,School B,Year 11,All,All,How do you feel about your family?
"[1, 2, 3, nan]","['Happy', 'Ok', 'Sad', 'No response']",NULL,NULL,symbol_home,NULL,School B,Year 11,All,All,How do you feel about your home?
"[1, 2, 3, nan]","['Happy', 'Ok', 'Sad', 'No response']",NULL,NULL,symbol_friends,NULL,School B,Year 11,All,All,How do you feel about your friends?
"[1, 2, 3, nan]","['Happy', 'Ok', 'Sad', 'No response']",NULL,NULL,symbol_choice,NULL,School B,Year 11,All,All,How do you feel about how much choice you have in life?
"[1, 2, 3, nan]","['Happy', 'Ok', 'Sad', 'No response']",NULL,NULL,symbol_things,NULL,School B,Year 11,All,All,How do you feel about the things that you have?
"[1, 2, 3, nan]","['Happy', 'Ok', 'Sad', 'No response']",NULL,NULL,symbol_health,NULL,School B,Year 11,All,All,How do you feel about your health?
"[1, 2, 3, nan]","['Happy', 'Ok', 'Sad', 'No response']",NULL,NULL,symbol_future,NULL,School B,Year 11,All,All,How do you feel about your future?
"[1, 2, 3, nan]","['Happy', 'Ok', 'Sad', 'No response']",NULL,NULL,symbol_school,NULL,School B,Year 11,All,All,How do you feel about your school?
"[1, 2, 3, nan]","['Happy', 'Ok', 'Sad', 'No response']",NULL,NULL,symbol_free,NULL,School B,Year 11,All,All,How do you feel about your free time?
"[1, 2, 3, nan]","['Happy', 'Ok', 'Sad', 'No response']",NULL,NULL,symbol_life,NULL,School B,Year 11,All,All,How do you feel about your life?
"[1, 2, 3, nan]","['Happy', 'Ok', 'Sad', 'No response']",NULL,NULL,symbol_family,NULL,School B,All,Girl,All,How do you feel about your family?
"[1, 2, 3, nan]","['Happy', 'Ok', 'Sad', 'No response']",NULL,NULL,symbol_home,NULL,School B,All,Girl,All,How do you feel about your home?
"[1, 2, 3, nan]","['Happy', 'Ok', 'Sad', 'No response']",NULL,NULL,symbol_friends,NULL,School B,All,Girl,All,How do you feel about your friends?
"[1, 2, 3, nan]","['Happy', 'Ok', 'Sad', 'No response']",NULL,NULL,symbol_choice,NULL,School B,All,Girl,All,How do you feel about how much choice you have in life?
"[1, 2, 3, nan]","['Happy', 'Ok', 'Sad', 'No response']",NULL,NULL,symbol_things,NULL,School B,All,Girl,All,How do you feel about the things that you have?
"[1, 2, 3, nan]","['Happy', 'Ok', 'Sad', 'No response']",NULL,NULL,symbol_health,NULL,School B,All,Girl,All,How do you feel about your health?
"[1, 2, 3, nan]","['Happy', 'Ok', 'Sad', 'No response']",NULL,NULL,symbol_future,NULL,School B,All,Girl,All,How do you feel about your future?
"[1, 2, 3, nan]","['Happy', 'Ok', 'Sad', 'No response']",NULL,NULL,symbol_school,NULL,School B,All,Girl,All,How do you feel about your school?
"[1, 2, 3, nan]","['Happy', 'Ok', 'Sad', 'No response']",NULL,NULL,symbol_free,NULL,School B,All,Girl,All,How do you feel about your free time?
"[1, 2, 3, nan]","['Happy', 'Ok', 'Sad', 'No response']",NULL,NULL,symbol_life,NULL,School B,All,Girl,All,How do you feel about your life?
"[1, 2, 3, nan]","['Happy', 'Ok', 'Sad', 'No response']",NULL,NULL,symbol_family,NULL,School B,All,Boy,All,How do you feel about your family?
"[1, 2, 3, nan]","['Happy', 'Ok', 'Sad', 'No response']",NULL,NULL,symbol_home,NULL,School B,All,Boy,All,How do you feel about your home?
"[1, 2, 3, nan]","['Happy', 'Ok', 'Sad', 'No response']",NULL,NULL,symbol_friends,NULL,School B,All,Boy,All,How do you feel about your friends?
"[1, 2, 3, nan]","['Happy', 'Ok', 'Sad', 'No response']",NULL,NULL,symbol_choice,NULL,School B,All,Boy,All,How do you feel about how much choice you have in life?
"[1, 2, 3, nan]","['Happy', 'Ok', 'Sad', 'No response']",NULL,NULL,symbol_things,NULL,School B,All,Boy,All,How do you feel about the things that you have?
"[1, 2, 3, nan]","['Happy', 'Ok', 'Sad', 'No response']",NULL,NULL,symbol_health,NULL,School B,All,Boy,All,How do you feel about your health?
"[1, 2, 3, nan]","['Happy', 'Ok', 'Sad', 'No response']",NULL,NULL,symbol_future,NULL,School B,All,Boy,All,How do you feel about your future?
"[1, 2, 3, nan]","['Happy', 'Ok', 'Sad', 'No response']",NULL,NULL,symbol_school,NULL,School B,All,Boy,All,How do you feel about your school?
"[1, 2, 3, nan]","['Happy', 'Ok', 'Sad', 'No response']",NULL,NULL,symbol_free,NULL,School B,All,Boy,All,How do you feel about your free time?
"[1, 2, 3, nan]","['Happy', 'Ok', 'Sad', 'No response']",NULL,NULL,symbol_life,NULL,School B,All,Boy,All,How do you feel about your life?
"[1, 2, 3, nan]","['Happy', 'Ok', 'Sad', 'No response']","[3, 6, 3, 4]","[18.75, 37.5, 18.75, 25.0]",symbol_family,16.0,School B,All,All,FSM,How do you feel about your family?
"[1, 2, 3, nan]","['Happy', 'Ok', 'Sad', 'No response']","[4, 10, 2, 0]","[25.0, 62.5, 12.5, 0.0]",symbol_home,16.0,School B,All,All,FSM,How do you feel about your home?
"[1, 2, 3, nan]","['Happy', 'Ok', 'Sad', 'No response']","[6, 6, 2, 2]","[37.5, 37.5, 12.5, 12.5]",symbol_friends,16.0,School B,All,All,FSM,How do you feel about your friends?
"[1, 2, 3, nan]","['Happy', 'Ok', 'Sad', 'No response']","[5, 5, 5, 1]","[31.25, 31.25, 31.25, 6.25]",symbol_choice,16.0,School B,All,All,FSM,How do you feel about how much choice you have in life?
"[1, 2, 3, nan]","['Happy', 'Ok', 'Sad', 'No response']","[3, 9, 3, 1]","[18.75, 56.25, 18.75, 6.25]",symbol_things,16.0,School B,All,All,FSM,How do you feel about the things that you have?
"[1, 2, 3, nan]","['Happy', 'Ok', 'Sad', 'No response']","[8, 5, 3, 0]","[50.0, 31.25, 18.75, 0.0]",symbol_health,16.0,School B,All,All,FSM,How do you feel about your health?
"[1, 2, 3, nan]","['Happy', 'Ok', 'Sad', 'No response']","[7, 4, 4, 1]","[43.75, 25.0, 25.0, 6.25]",symbol_future,16.0,School B,All,All,FSM,How do you feel about your future?
"[1, 2, 3, nan]","['Happy', 'Ok', 'Sad', 'No response']","[4, 6, 6, 0]","[25.0, 37.5, 37.5, 0.0]",symbol_school,16.0,School B,All,All,FSM,How do you feel about your school?
"[1, 2, 3, nan]","['Happy', 'Ok', 'Sad', 'No response']","[3, 7, 4, 2]","[18.75, 43.75, 25.0, 12.5]",symbol_free,16.0,School B,All,All,FSM,How do you feel about your free time?
"[1, 2, 3, nan]","['Happy', 'Ok', 'Sad', 'No response']","[5, 5, 5, 1]","[31.25, 31.25, 31.25, 6.25]",symbol_life,16.0,School B,All,All,FSM,How do you feel about your life?
"[1, 2, 3, nan]","['Happy', 'Ok', 'Sad', 'No response']","[4, 6, 2, 2]","[28.57142857142857, 42.857142857142854, 14.285714285714285, 14.285714285714285]",symbol_family,14.0,School B,All,All,Non-FSM,How do you feel about your family?
"[1, 2, 3, nan]","['Happy', 'Ok', 'Sad', 'No response']","[4, 8, 2, 0]","[28.57142857142857, 57.14285714285714, 14.285714285714285, 0.0]",symbol_home,14.0,School B,All,All,Non-FSM,How do you feel about your home?
"[1, 2, 3, nan]","['Happy', 'Ok', 'Sad', 'No response']","[4, 4, 4, 2]","[28.57142857142857, 28.57142857142857, 28.57142857142857, 14.285714285714285]",symbol_friends,14.0,School B,All,All,Non-FSM,How do you feel about your friends?
"[1, 2, 3, nan]","['Happy', 'Ok', 'Sad', 'No response']","[3, 5, 4, 2]","[21.428571428571427, 35.714285714285715, 28.57142857142857, 14.285714285714285]",symbol_choice,14.0,School B,All,All,Non-FSM,How do you feel about how much choice you have in life?
"[1, 2, 3, nan]","['Happy', 'Ok', 'Sad', 'No response']","[5, 3, 2, 4]","[35.714285714285715, 21.428571428571427, 14.285714285714285, 28.57142857142857]",symbol_things,14.0,School B,All,All,Non-FSM,How do you feel about the things that you have?
"[1, 2, 3, nan]","['Happy', 'Ok', 'Sad', 'No response']","[2, 7, 5, 0]","[14.285714285714285, 50.0, 35.714285714285715, 0.0]",symbol_health,14.0,School B,All,All,Non-FSM,How do you feel about your health?
"[1, 2, 3, nan]","['Happy', 'Ok', 'Sad', 'No response']","[4, 5, 4, 1]","[28.57142857142857, 35.714285714285715, 28.57142857142857, 7.142857142857142]",symbol_future,14.0,School B,All,All,Non-FSM,How do you feel about your future?
"[1, 2, 3, nan]","['Happy', 'Ok', 'Sad', 'No response']","[4, 2, 5, 3]","[28.57142857142857, 14.285714285714285, 35.714285714285715, 21.428571428571427]",symbol_school,14.0,School B,All,All,Non-FSM,How do you feel about your school?
"[1, 2, 3, nan]","['Happy', 'Ok', 'Sad', 'No response']","[3, 4, 7, 0]","[21.428571428571427, 28.57142857142857, 50.0, 0.0]",symbol_free,14.0,School B,All,All,Non-FSM,How do you feel about your free time?
"[1, 2, 3, nan]","['Happy', 'Ok', 'Sad', 'No response']","[4, 7, 3, 0]","[28.57142857142857, 50.0, 21.428571428571427, 0.0]",symbol_life,14.0,School B,All,All,Non-FSM,How do you feel about your life?
